{"cameraMode":{"drawMode":0,"name":"Shaded","section":"Shading Mode"},"sceneLighting":true,"audioPlay":false,"sceneViewState":{"showFog":false,"showMaterialUpdate":false,"showSkybox":true,"showFlares":true,"showImageEffects":true,"showParticleSystems":true},"in2DMode":false,"pivot":{"x":-177.21148681640626,"y":-149.1072540283203,"z":136.82322692871095},"rotation":{"x":-0.2728879153728485,"y":0.3884202241897583,"z":-0.12147687375545502,"w":-0.871827244758606},"size":391.24420166015627,"orthographic":false}