{"cameraMode":{"drawMode":0,"name":"Shaded","section":"Shading Mode"},"sceneLighting":true,"audioPlay":false,"sceneViewState":{"showFog":false,"showMaterialUpdate":false,"showSkybox":true,"showFlares":true,"showImageEffects":true,"showParticleSystems":true},"in2DMode":false,"pivot":{"x":-69.81245422363281,"y":-118.98856353759766,"z":102.34245300292969},"rotation":{"x":-0.3455338478088379,"y":0.2813698947429657,"z":-0.1092713251709938,"w":-0.888635516166687},"size":198.55604553222657,"orthographic":false}